["Honours_Anthropology_(60_credits)", "Joint_Honours_Component_Anthropology__(36_credits)", "Major_Concentration_Anthropology_(36_credits)", "Minor_Concentration_Anthropology_(18_credits)", "Honours_Art_History_(60_credits)", "Joint_Honours_Component_Art_History_(36_credits)", "Major_Concentration_Art_History_(36_credits)", "Minor_Concentration_Art_History_(18_credits)", "Minor_Concentration_Communication_Studies_(18_credits)", "Faculty_Program_Industrial_Relations_(54_credits)", "Freshman_Program_-_French_(30_credits)", "Freshman_Program_-_General_(30_credits)", "Honours_Middle_East_Studies_(60_credits)", "Honours_Philosophy_and_Western_Religions__(60_credits)", "Joint_Honours_Component_Middle_East_Studies_(36_credits)", "Joint_Honours_Component_Philosophy_and_Western_Religions__(36_credits)", "Major_Concentration_Liberal_Arts_(36_credits)", "Major_Concentration_Middle_East_Studies_(36_credits)", "Major_Concentration_North_American_Studies_(36_credits)", "Major_Concentration_Philosophy_and_Western_Religions__(36_credits)", "Major_Concentration_Quebec_Studies__or__La_concentration_Majeur_en_\u00c9tudes_sur_le_Qu\u00e9bec_(36_credits)", "Minor_Concentration_Canadian_Ethnic_and_Racial_Studies_(18_credits)", "Minor_Concentration_Catholic_Studies_(18_credits)", "Minor_Concentration_History_and_Philosophy_of_Science_(18_credits)", "Minor_Concentration_Middle_East_Languages_(18_credits)", "Minor_Concentration_Middle_East_Studies_(18_credits)", "Minor_Concentration_North_American_Studies_(18_credits)", "Minor_Concentration_Philosophy_and_Western_Religions_(18_credits)", "Minor_Concentration_Quebec_Studies__or__La_concentration_Mineur_en_\u00c9tudes_sur_le_Qu\u00e9bec_(18_credits)", "Minor_Concentration_World_Cinemas_(18_credits)", "Honours_Liberal_Arts_(60_credits)", "Joint_Honours_African_Studies_Component_(36_credits)", "Joint_Honours_Liberal_Arts_(36_credits)", "Minor_Concentration_Science_for_Arts_Students_(18_credits)", "Major_Concentration_Computer_Science_(36_credits)", "Major_Concentration_Software_Engineering_(36_credits)", "Minor_Concentration_Computer_Science_(18_credits)", "Supplementary_Minor_Concentration_in_Computer_Science_(18_credits)", "Honours_East_Asian_Studies_(60_credits)", "Joint_Honours_Component_East_Asian_Studies__(36_credits)", "Major_Concentration_East_Asian_Studies_(36_credits)", "Minor_Concentration_East_Asian_Cultural_Studies_(18_credits)", "Minor_Concentration_East_Asian_Language_and_Literature_(18_credits)", "Supplementary_Minor_Concentration_East_Asian_Language_(18_credits)", "Honours_Economics_(42_credits)", "Joint_Honours_Component_Economics_(30_credits)", "Major_Concentration_Economics_(36_credits)", "Minor_Concentration_Economics_(18_credits)", "Minor_Concentration_Education_for_Arts_Students_(18_credits)", "Minor_Concentration_Educational_Psychology_(18_credits)", "Honours_English_-_Cultural_Studies_(60_credits)", "Honours_English_-_Drama_and_Theatre_(60_credits)", "Honours_English_-_Literature_(60_credits)", "Joint_Honours_Component_English_-_Cultural_Studies_(36_credits)", "Joint_Honours_Component_English_-_Drama_and_Theatre_(36_credits)", "Joint_Honours_Component_English_-_Literature_(36_credits)", "Major_Concentration_English_-_Cultural_Studies_(36_credits)", "Major_Concentration_English_-_Drama_and_Theatre_(36_credits)", "Major_Concentration_English_-_Literature_(36_credits)", "Minor_Concentration_English_-_Cultural_Studies_(18_credits)", "Minor_Concentration_English_-_Drama_and_Theatre_(18_credits)", "Minor_Concentration_English_-_Literature_(18_credits)", "Concentration_majeure_langue_et_litt\u00e9rature_fran\u00e7aises_-_Traduction_(36_cr\u00e9dits)", "Concentration_majeure_langue_et_litt\u00e9rature_fran\u00e7aises_-_\u00c9tudes_et_pratiques_litt\u00e9raires_(36_cr\u00e9dits)", "Concentration_mineure_langue_et_litt\u00e9rature_fran\u00e7aises_-_Critique_litt\u00e9raire_(18_cr\u00e9dits)", "Concentration_mineure_langue_et_litt\u00e9rature_fran\u00e7aises_-_Langue_fran\u00e7aise_(18_cr\u00e9dits)", "Concentration_mineure_langue_et_litt\u00e9rature_fran\u00e7aises_-_Langue_fran\u00e7aise_et_traduction_(18_cr\u00e9dits)", "Concentration_mineure_langue_et_litt\u00e9rature_fran\u00e7aises_-_Traduction_(18_cr\u00e9dits)", "Concentration_mineure_langue_et_litt\u00e9rature_fran\u00e7aises_-_\u00c9tudes_et_pratiques_litt\u00e9raires_(18_cr\u00e9dits)", "Double_Sp\u00e9cialisation_en_langue_et_litt\u00e9rature_fran\u00e7aises_-_Traduction_(36_cr\u00e9dits)", "Double_Sp\u00e9cialisation_en_langue_et_litt\u00e9rature_fran\u00e7aises_-_\u00c9tudes_et_pratiques_litt\u00e9raires_(36_cr\u00e9dits)", "Sp\u00e9cialisation_en_langue_et_litt\u00e9rature_fran\u00e7aises_-_Traduction_(54_cr\u00e9dits)", "Sp\u00e9cialisation_en_langue_et_litt\u00e9rature_fran\u00e7aises_-_\u00c9tudes_et_pratiques_litt\u00e9raires_(54_cr\u00e9dits)", "Honours_Geography_(61_credits)", "Honours_Urban_Systems_(60_credits)", "Joint_Honours_Component_Geography_(36_credits)", "Major_Concentration_Geography_(37_credits)", "Major_Concentration_Geography_(Urban_Systems)_(36_credits)", "Minor_Concentration_Geographic_Information_Systems_(18_credits)", "Minor_Concentration_Geography_(18_credits)", "Minor_Concentration_Geography_(Urban_Systems)_(18_credits)", "Honours_Classics_(60_credits)", "Honours_History_(60_credits)", "Joint_Honours_Component_Classics_(36_credits)", "Joint_Honours_Component_History__(36_credits)", "Major_Concentration_Classics_(36_credits)", "Major_Concentration_History_(36_credits)", "Minor_Concentration_Classics_(18_credits)", "Minor_Concentration_History_(18_credits)", "Minor_Neo-Hellenic_Concentration_(18_credits)", "Honours_Women's_Studies_(57_credits)", "Joint_Honours_Component_Women's_Studies_(36_credits)", "Major_Concentration_Women's_Studies_(36_credits)", "Minor_Concentration_Sexual_Diversity_Studies_(18_credits)", "Minor_Concentration_Women's_Studies_(18_credits)", "Honours_International_Development_Studies_(57_credits)", "Honours_Latin_American_and_Caribbean_Studies_-_Area_(60_credits)", "Honours_Latin_American_and_Caribbean_Studies_-_Thematic_(60_credits)", "Joint_Honours_Component_International_Development_Studies_(36_credits)", "Major_Concentration_African_Studies_(36_credits)", "Major_Concentration_International_Development_Studies_(36_credits)", "Major_Concentration_Latin_American_Studies_(36_credits)", "Minor_Concentration_African_Studies_(18_credits)", "Minor_Concentration_International_Development_Studies_(18_credits)", "Honours_Canadian_Studies_(57_credits)", "Joint_Honours_Component_Canadian_Studies_(36_credits)", "Major_Concentration_Canadian_Studies_(36_credits)", "Minor_Concentration_Canadian_Studies_(18_credits)", "Minor_Concentration_Indigenous_Studies_(18_credits)", "Minor_Concentration_Islamic_Studies_(18_credits)", "Honours_Jewish_Studies_(60_credits)", "Joint_Honours_Component_Jewish_Studies_(36_credits)", "Major_Concentration_Jewish_Studies_(36_credits)", "Minor_Concentration_Jewish_Law_(18_credits)", "Minor_Concentration_Jewish_Studies_(18_credits)", "Honours_German_Studies_(60_credits)", "Honours_Hispanic_Studies_(60_credits)", "Honours_Italian_Studies_(54_credits)", "Honours_Russian_(60_credits)", "Joint_Honours_Component_German_Studies__(36_credits)", "Joint_Honours_Component_Hispanic_Studies_(36_credits)", "Joint_Honours_Component_Italian_Studies_(36_credits)", "Joint_Honours_Component_Russian_(36_credits)", "Major_Concentration_Contemporary_German_Studies_(36_credits)", "Major_Concentration_German_Studies_-_Language_and_Literature_(36_credits)", "Major_Concentration_German_Studies_-_Literature_and_Culture_(36_credits)", "Major_Concentration_Hispanic_Studies_-_Languages_(36_credits)", "Major_Concentration_Hispanic_Studies_-_Literature_and_Culture_(36_credits)", "Major_Concentration_Italian_Studies_(36_credits)", "Major_Concentration_Russian_(36_credits)", "Minor_Concentration_European_Literature_and_Culture_(18_credits)", "Minor_Concentration_German_Language_(18_credits)", "Minor_Concentration_German_Literature_(18_credits)", "Minor_Concentration_German_Literature_and_Culture_in_Translation_(18_credits)", "Minor_Concentration_Hispanic_Languages_(18_credits)", "Minor_Concentration_Hispanic_Literature_and_Culture_(18_credits)", "Minor_Concentration_Italian_Studies_(18_credits)", "Minor_Concentration_Russian_(18_credits)", "Minor_Concentration_Russian_Culture_(18_credits)", "Honours_Linguistics_(60_credits)", "Joint_Honours_Component_Linguistics_(36_credits)", "Major_Concentration_Linguistics_(36_credits)", "Minor_Concentration_Linguistics_(18_credits)", "Joint_Honours_Component_Economics__or__Joint_Honours_Component_Accounting_(60_credits)", "Joint_Honours_Component_Economics__or__Joint_Honours_Component_Finance_(60_credits)", "Minor_Finance_(For_Non-Management_Students)_(18_credits)", "Minor_Management_(For_Non-Management_Students)_(18_credits)", "Minor_Marketing_(For_Non-Management_Students)_(18_credits)", "Minor_Operations_Management_(For_Non-Management_Students)_(18_credits)", "Joint_Honours_Component_Mathematics_(36_credits)", "Major_Concentration_Mathematics_(36_credits)", "Minor_Concentration_Mathematics_(18_credits)", "Minor_Concentration_Statistics_(18_credits)", "Supplementary_Minor_Concentration_in_Mathematics_(18_credits)", "Honours_Applied_Mathematics_(60_credits)", "Honours_Mathematics_(60_credits)", "Honours_Probability_and_Statistics_(64_credits)", "Joint_Honours_Mathematics_and_Computer_Science_(75_credits)", "Faculty_Program_Environment_-_Ecological_Determinants_of_Health_in_Society_(54_credits)", "Faculty_Program_Environment_-_Economics_and_the_Earth's_Environment_(54_credits)", "Faculty_Program_Environment_-_Environment_and_Development_(54_credits)", "Honours_Environment_(60_credits)", "Joint_Honours_Component_Environment_(36_credits)", "Minor_Concentration_Environment_(18_credits)", "Major_Concentration_Music_(36_credits)", "Minor_Concentration_Music_(18_credits)", "Honours_Philosophy_(60_credits)", "Joint_Honours_Component_Philosophy_(36_credits)", "Major_Concentration_Philosophy_(36_credits)", "Minor_Concentration_Philosophy_(18_credits)", "Honours_Political_Science_(54_credits)", "Joint_Honours_Component_Political_Science_(36_credits)", "Major_Concentration_Political_Science_(36_credits)", "Minor_Concentration_Comparative_Politics_(18_credits)", "Minor_Concentration_International_Relations_(18_credits)", "Minor_Concentration_Political_Economy_(18_credits)", "Minor_Concentration_Political_Science_(18_credits)", "Minor_Concentration_Political_Science:_Canada_or_Qu\u00e9bec_(18_credits)", "Minor_Concentration_Political_Theory_(18_credits)", "Minor_Concentration_Politics,_Law_and_Society_(18_credits)", "Minor_Concentration_South_Asia_(18_credits)", "Honours_Psychology_(60_credits)", "Joint_Honours_Component_Psychology_(36_credits)", "Major_Concentration_Psychology_(36_credits)", "Minor_Concentration_Behavioural_Science_(18_credits)", "Minor_Concentration_Psychology_(18_credits)", "Honours_Religious_Studies_-_Asian_Religions_(60_credits)", "Honours_Religious_Studies_-_Western_Religions_(60_credits)", "Joint_Honours_Component_Religious_Studies__-_Asian_Religions_(36_credits)", "Joint_Honours_Component_Religious_Studies__-_Western_Religions_(36_credits)", "Major_Concentration_Scriptures_and_Interpretations_(36_credits)", "Major_Concentration_World_Religions_(36_credits)", "Minor_Concentration_Religion_and_Globalization_(18_credits)", "Minor_Concentration_Scriptural_Languages_(18_credits)", "Minor_Concentration_World_Religions_(18_credits)", "Minor_Concentration_Social_Studies_of_Medicine_(18_credits)", "Social_Work_(Three-Year_Program)__(90_credits)", "Honours_Sociology_(51_credits)", "Joint_Honours_Component_Sociology_(36_credits)", "Major_Concentration_Sociology_(36_credits)", "Minor_Concentration_Sociology_(18_credits)", "Joint_M.S.W._with_B.C.L._and_LL.B._(132_credits)", "Bachelor_of_Civil_Law_(B.C.L.)_and_Bachelor_of_Laws_(LL.B.)_with_Minor_(123_credits)", "Joint_M.B.A._with_B.C.L._and_LL.B._(144_credits)", "B.C.L._and_LL.B._with_Major_Concentration;_International_Human_Rights_and_Development__(123_credits)", "B.C.L._and_LL.B._with_Major_Concentration;_Commercial_Negotiation_and_Dispute_Resolution_(123_credits)", "Bachelor_of_Civil_Law_(B.C.L.)_and_Bachelor_of_Laws_(LL.B.)_with_Honours_(120_credits)", "Bachelor_of_Civil_Law_(B.C.L.)_and_Bachelor_of_Laws_(LL.B.)__(105_credits)", "Minor_Mining_Engineering_(23_credits)", "Mining_Engineering_CO-OP_(150_credits)", "Honours_Mechanical_Engineering_(142_credits)", "Honours_Mechanical_Engineering_-_Mechatronics_(18_credits)", "Honours_Mechanical_Engineering_-_Design_(15_credits)", "Honours_Mechanical_Engineering_-_Aeronautical_Engineering_(15_credits)", "Minor_Mathematics_(24_credits)", "Mechanical_Engineering_(142_credits)", "Minor_Economics_(18_credits)", "Minor_Computer_Science_(24_credits)", "Mechanical_Engineering_-_Mechatronics_(18_credits)", "Mechanical_Engineering_-_Design_(15_credits)", "Mechanical_Engineering_-_Aeronautical_Engineering_(15_credits)", "Minor_Materials_Engineering_(24_credits)", "Materials_Engineering_CO-OP_(148_credits)", "General_Engineering_-_Undeclared_(30_credits)", "Honours_Electrical_Engineering_(138_credits)", "Minor_Software_Engineering_(24_credits)", "Minor_Physics_(18_credits)", "Electrical_Engineering_(138_credits)", "Minor_Biomedical_Engineering_(21_credits)", "Minor_Technological_Entrepreneurship_(18_credits)", "Computer_Engineering_(139_credits)", "Minor_Environmental_Engineering_(21_credits)", "Civil_Engineering_(139_credits)", "Minor_Construction_Engineering_and_Management_(24_credits)", "Minor_Arts_(24_credits)", "Chemical_Engineering_(142_credits)", "Minor_Chemistry_(25_credits)", "Minor_Biotechnology_(for_Engineering_Students)_(24_credits)", "Honours_Agricultural_Economics_(42_credits)", "Major_Life_Sciences_(Biological_and_Agricultural)_(42_credits)", "Minor_International_Agriculture_(24_credits)", "Minor_Human_Nutrition_(24_credits)", "Major_Global_Food_Security_(42_credits)", "Freshman_Program_(30_credits)", "Minor_Environment_(18_credits)", "Major_Environmental_Biology_(42_credits)", "Minor_Ecological_Agriculture_(24_credits)", "Minor_Agricultural_Production_(24_credits)", "Major_Agro-Environmental_Sciences__(42_credits)", "Minor_Applied_Ecology_(24_credits)", "Minor_Agricultural_Economics__(24_credits)", "Major_Agricultural_Economics_(42_credits)", "Microbiology_and_Molecular_Biotechnology_(24_credits)", "Life_Sciences_(Multidisciplinary)_(24_credits)", "Animal_Health_and_Disease__(24_credits)", "Animal_Biology__(24_credits)", "Major_Environment_-_Water_Environments_and_Ecosystems_-_Physical_(63_credits)", "Major_Environment_-Water_Environments_and_Ecosystems_-_Biological_(60_credits)", "Major_Environment_-_Renewable_Resource_Management_(63_credits)", "Land_Surface_Processes_and_Environmental_Change_(63_credits)", "Major_Environment_-_Food_Production_and_Environment_(63_credits)", "Major_Environment_-_Environmetrics_(63_credits)", "Ecological_Determinants_of_Health_-_Population_(63_credits)", "Major_Environment_-_Ecological_Determinants_of_Health_-_Cellular_(63_credits)", "Major_Environment__-_Biodiversity_and_Conservation_(63_credits)", "Wildlife_Biology_(24_credits)", "Plant_Biology_(24_credits)", "Applied_Ecology_(24_credits)", "Soil_and_Water_Resources_(24_credits)", "Plant_Production_(24_credits)", "Professional_Agrology_(21_credits)", "International_Agriculture_(24_credits)", "Ecological_Agriculture_(24_credits)", "Animal_Production__(24_credits)", "Environmental_Economics__(24_credits)", "Agribusiness_(24_credits)", "Honours_Bioresource_Engineering_(113_credits)", "Major_Bioresource_Engineering_(113_credits)", "Minor_Animal_Health_and_Disease_(24_credits)", "Minor_Animal_Biology_(24_credits)", "Major_Bioresource_Engineering_-_Professional_Agrology_(113_credits)", "Diploma_of_College_Studies_\u2014_Farm_Management_Technology", "Certificate_in_Food_Science__(30_credits)", "Certificate_in_Ecological_Agriculture__(30_credits)", "Major_Nutrition_-_Sports_Nutrition_(90_credits)", "Major_Nutrition_-_Nutritional_Biochemistry__(90_credits)", "Major_Nutrition_-_Health_and_Disease_(90_credits)", "Major_Nutrition_-_Global_Nutrition__(90_credits)", "Major_Nutrition_-_Food_Function_and_Safety_(90_credits)", "Major_Dietetics_(115_credits)", "Honours_Food_Science_-_Food_Science_Option__(90_credits)", "Major_Food_Science_-_Food_Science_Option__(90_credits)", "Major_Food_Science_-_Food_Chemistry_Option_(90_credits)", "Food_Science_or_Nutritional_Science_Honours_(Concurrent)_(122_credits)", "Food_Science_or_Nutritional_Science_Major_(Concurrent)_(122_credits)", "Freshman_Program_(Concurrent)_(30_credits)", "Honours_Life_Sciences_(Biological_and_Agricultural)_(54_credits)", "Honours_Global_Food_Security_(54_credits)", "Honours_Environment_(69_credits)", "Honours_Environmental_Biology_(54_credits)", "Honours_Agro-Environmental_Sciences__(54_credits)", "Freshman_Program__(30_credits)", "Minor_Atmospheric_Science_(18_credits)", "Honours_in_Sustainability,_Science_and_Society_(60_credits)", "Major_Concentration_Biology_-_Cell_or_Molecular__(36_credits)", "Major_Concentration_Biology_-_Organismal__(37_credits)", "Minor_Concentration_Biology_-_Cell_or_Molecular__(19_credits)", "Minor_Concentration_Biology_-_Organismal__(19_credits)", "Major_Concentration_Chemistry_(36_credits)", "Minor_Chemistry_(18_credits)", "Major_Concentration_Software_Engineering_(37_credits)", "Minor_Geology_(18_credits)", "Interfaculty_Program_in_Sustainability,_Science_and_Society_(54_credits)", "Major_Concentration_Geography_-_Physical_Geography__(36_credits)", "Minor_Geographic_Information_Systems_and_Remote_Sensing_(18_credits)", "Minor_Geography__(18_credits)", "Interfaculty_Program_Environment_(54_credits)", "Major_Concentration_Physics_(36_credits)", "Honours_Cognitive_Science_(60_credits)", "Interfaculty_Program_Cognitive_Science_(54_credits)", "Minor_Interdisciplinary_Life_Sciences_(24_credits)", "Bachelor_of_Education_for_Certified_Teachers_\u2014_Elementary_Education_\u2014_Native_and_Northern_(90_credits)", "Bachelor_of_Commerce_(B.Com.)_\u2014_Major_Marketing_(30_credits)", "Bachelor_of_Commerce_(B.Com.)_\u2014_Major_Information_Systems_(30_credits)", "Bachelor_of_Commerce_(B.Com.)_\u2014_Major_Accounting_(30_credits)", "Bachelor_of_Commerce_(B.Com.)_\u2014_Concentration_in_Organizational_Behaviour_(15_credits)", "Bachelor_of_Commerce_(B.Com.)_\u2014_Concentration_in_Marketing_(15_credits)", "Bachelor_of_Commerce_(B.Com.)_\u2014_Concentration_in_Information_Systems_(15_credits)", "Bachelor_of_Commerce_(B.Com.)_\u2014_Concentration_in_Entrepreneurship_(15_credits)", "Bachelor_of_Commerce_(B.Com.)_\u2014_Concentration_in_Accounting_(15_credits)", "Professional_Development_Certificate_in_Management_Consulting_(23.5_CEUs)", "Professional_Development_Certificate_in_Digital_Content_and_Community_Management_(22.5_CEUs)", "Professional_Development_Certificate_in_Aviation_Management_Consulting_(29-30.5_CEUs)", "Diploma_in_Human_Relations_and_Family_Life_Education_(30_credits)", "Certificate_in_Translation_\u2014_Spanish_to_French_Option_(30_credits)", "Certificate_in_Translation_\u2014_Spanish_to_English_Option_(30_credits)", "Certificate_in_Translation_\u2014_French_to_English_Option_(30_credits)", "Certificate_in_Translation_\u2014_French_or_English_into_Spanish_Option_(30_credits)", "Certificate_in_Translation_\u2014_English_to_French_Option_(30_credits)", "Certificate_in_Teaching_English_to_Speakers_of_Other_Languages_(TESOL)_(12_CEU)", "Certificate_in_Systems_Analysis_and_Design_(30_credits)", "Certificate_in_Software_Development_(30_credits)", "Certificate_in_Supply_Chain_Management_and_Logistics_(30_credits)", "Certificate_in_Risk_Management__(30_credits)", "Certificate_in_Public_Relations_and_Communications_Management_(30_credits)", "Certificate_of_Proficiency_in_Written_French_\u2014_Workplace_Communication_(48_CEU)", "Certificate_of_Proficiency_in_Written_English_\u2014_Workplace_Communication_(48_CEU)", "Intensive_French_Program:_Certificate_of_Proficiency_in_French_\u2014_Language_and_Culture_(100_CEU)_", "Intensive_English_Program:_Certificate_of_Proficiency_in_English_\u2014_Language_and_Culture_(160_CEU)", "Certificate_of_Proficiency_\u2014_French_for_Professional_Communication__(30_credits)", "Certificate_of_Proficiency_\u2014_English_for_Professional_Communication_(30_credits)", "Certificate_in_Middle_School_Education_in_Aboriginal_Communities_(30_credits)", "Certificate_in_Management_(30_credits)", "Certificate_in_Marketing_(30_credits)", "Certificate_in_Inclusive_Education_(30_credits)", "Certificate_in_Human_Resources_Management_(30_credits)", "Certificate_in_Health_and_Social_Services_Management_(30_credits)", "Certificate_in_First_Nations_and_Inuit_Student_Personnel_Services_(30_credits)", "Certificate_in_First_Nations_and_Inuit_Educational_Leadership_(30_credits)", "Certificate_in_Entrepreneurship_(30_credits)", "Certificate_in_Education_for_First_Nations_and_Inuit_(60_credits)", "Certificate_in_Education_for_First_Nations_and_Inuit_Physical_Education_(60_credits)", "Certificate_in_Condominium_Management_(16_CEUs)", "Certificate_in_Applied_Marketing_(30_credits)", "Certificate_in_Applied_Finance_(30_credits)", "Certificate_in_Accounting_(30_credits)", "Certificate_in_Aboriginal_Literacy_Education_(30_credits)", "Certificate_in_Aboriginal_Education_for_Certified_Teachers_(30_credits)", "Teaching_French_as_a_Second_Language_-_TFSL_-_Joint_Program_with_the_Universit\u00e9_de_Montr\u00e9al_(120_credits)", "Teaching_English_as_a_Second_Language_-_TESL_Elementary_and_Secondary_(120_credits)", "Secondary_Mathematics_(120_credits)", "Secondary_English_(120_credits)", "Secondary_Science_and_Technology_(120_credits)", "Secondary_Social_Sciences_-_History_and_Citizenship,_Geography_(120_credits)", "Secondary_Social_Sciences_-_History_and_Citizenship,_Ethics_and_Religious_Culture_(120_credits)", "Physical_and_Health_Education_(120_credits)", "Kindergarten_and_Elementary_P\u00e9dagogie_de_l'Immersion_Fran\u00e7aise_(120_credits)", "Kindergarten_and_Elementary_Jewish_Studies_(120_credits)", "Kindergarten_and_Elementary_Education_(120_credits)", "Kindergarten_and_Elementary_Education_-_First_Nations_and_Inuit_Studies_(120_credits)", "Major_Music_Education_and_Bachelor_of_Education_(B.Ed.)_-_Music_Elementary_and_Secondary_(137_credits)", "Kinesiology_(90_credits)", "Kinesiology_-_Honours_(90_credits)", "Major_Concentration_Physics_with_Minor_Chemistry_for_Teachers_(135_credits)", "Major_Concentration_Physics_with_Minor_Biology_for_Teachers_(135_credits)", "Major_Mathematics_for_Teachers_(135_credits)", "Major_Concentration_Chemistry_with_Minor_Physics_for_Teachers_(135_credits)", "Major_Concentration_Chemistry_with_Minor_Biology_for_Teachers_(135_credits)", "Major_Concentration_Biology_-_Organismal_with_Minor_Physics_for_Teachers_(135_credits)", "Major_Concentration_Biology_-_Cell_or_Molecular_with_Minor_Physics_for_Teachers_(135_credits)", "Major_Concentration_Biology_-_Organismal_with_Minor_Chemistry_for_Teachers_(135_credits)", "Major_Concentration_Biology_-_Cell_or_Molecular_with_Minor_Chemistry_for_Teachers_(135_credits)", "Diploma_in_Environment_(30_credits)", "Honours_Environment_(72_credits)", "Major_Environment-Land_Surface_Processes_and_Environmental_Change_(63_credits)", "Major_Environment_-_Earth_Sciences_and_Economics_(66_credits)", "Major_Environment_-_Atmospheric_Environment_and_Air_Quality_(60_credits)", "Major_Concentration_Statistics_for_Management_Students_(39_credits)", "Minor_Statistics_for_Management_Students_(21_credits)", "Major_Strategic_Management_(30_credits)", "Major_Organizational_Behaviour_(30_credits)", "Major_Concentration_Mathematics_for_Management_Students_(39_credits)", "Minor_Mathematics_for_Management_Students_(18_credits)", "Major_Managing_for_Sustainability_(39_credits)", "Major_Labour-Management_Relations_and_Human_Resources_(30_credits)", "Major_Finance_(30_credits)", "Major_Economics_for_Management_Students_(36_credits)", "Major_International_Management_(48_credits)", "Honours_Investment_Management_(45_credits)", "Joint_Honours_Economics_and_Finance_(54_credits)", "Joint_Honours_Economics_and_Accounting_(54_credits)", "Concentration_in_Strategic_Management_-_Global_Strategy_(15_credits)", "Concentration_in_Strategic_Management_-_Social_Business_&_Enterprise_(15_credits)", "Concentration_in_Operations_Management_(15_credits)", "Concentration_in_Managing_for_Sustainability_(15_credits)", "Concentration_in_Labour-Management_Relations_and_Human_Resources_(15_credits)", "Major_Composition_(124_credits)", "Minor_Early_Music_Performance_(18_credits)", "Minor_Music_Education_(18_credits)", "Minor_Music_Theory_(18_credits)", "Major_Early_Music_Performance_(Baroque_Violin,_Viola,_Cello,_Viola_da_Gamba,_Flute,_Recorder,_Oboe,_Organ,_Harpsichord_and_Early_Brass_Instruments)_(125_credits)", "Major_Early_Music_Performance_(Voice)_(126_credits)", "Faculty_Program_Music_(123_credits)", "Faculty_Program_Music_-_Jazz_(123_credits)", "Minor_Musical_Applications_of_Technology_(18_credits)", "Minor_Musical_Science_and_Technology_(18_credits)", "Major_Music_History_(124_credits)", "Minor_Composition_(18_credits)", "Minor_Music_History_(18_credits)", "Major_Performance_Jazz_(Saxophone,_Trumpet,_Trombone,_Drums,_Piano,_Guitar,_Bass,_Voice)_(126_credits)", "Major_Performance_(Organ,_Harpsichord,_Guitar)_(125_credits)", "Major_Performance_(Orchestral_Instruments)_(125_credits)", "Major_Performance_Piano_(125_credits)", "Major_Performance_Voice_(123_credits)", "Major_Theory_(124_credits)", "Major_Performance_(All_Instruments)__(62_credits)", "Major_Performance_Voice__(65_credits)", "Major_Performance_(All_Instruments_except_Piano,_Voice_and_Jazz)_(93_credits)", "Major_Performance_Piano_(93_credits)", "Major_Performance_Voice_(105_credits)", "Major_Performance_Jazz_(100_credits)"]